{
  "$schema": "https://schema.management.azure.com/schemas/2019-04-01/deploymentTemplate.json#",
  "contentVersion": "1.0.0.0",
  "metadata": {
    "author": "svc.cv-securityiq@commvault.com",
    "comments": "Solution template for Commvault Security IQ"
  },
  "parameters": {
    "location": {
      "type": "string",
      "minLength": 1,
      "defaultValue": "[resourceGroup().location]",
      "metadata": {
        "description": "Not used, but needed to pass arm-ttk test `Location-Should-Not-Be-Hardcoded`.  We instead use the `workspace-location` which is derived from the LA workspace"
      }
    },
    "workspace-location": {
      "type": "string",
      "defaultValue": "",
      "metadata": {
        "description": "[concat('Region to deploy solution resources -- separate from location selection',parameters('location'))]"
      }
    },
    "workspace": {
      "defaultValue": "",
      "type": "string",
      "metadata": {
        "description": "Workspace name for Log Analytics where Microsoft Sentinel is setup"
      }
    }
  },
  "variables": {
    "_solutionName": "Commvault Security IQ",
    "_solutionVersion": "3.0.3",
    "solutionId": "commvault.microsoft-sentinel-solution-commvaultsecurityiq",
    "_solutionId": "[variables('solutionId')]",
    "analyticRuleObject1": {
      "analyticRuleVersion1": "1.0.3",
      "_analyticRulecontentId1": "317e757e-c320-448e-8837-fc61a70fe609",
      "analyticRuleId1": "[resourceId('Microsoft.SecurityInsights/AlertRuleTemplates', '317e757e-c320-448e-8837-fc61a70fe609')]",
      "analyticRuleTemplateSpecName1": "[concat(parameters('workspace'),'/Microsoft.SecurityInsights/',concat(parameters('workspace'),'-ar-',uniquestring('317e757e-c320-448e-8837-fc61a70fe609')))]",
      "_analyticRulecontentProductId1": "[concat(take(variables('_solutionId'),50),'-','ar','-', uniqueString(concat(variables('_solutionId'),'-','AnalyticsRule','-','317e757e-c320-448e-8837-fc61a70fe609','-', '1.0.3')))]"
    },
    "Commvault_Disable_Data_Aging_Logic_App": "Commvault_Disable_Data_Aging_Logic_App",
    "_Commvault_Disable_Data_Aging_Logic_App": "[variables('Commvault_Disable_Data_Aging_Logic_App')]",
    "playbookVersion1": "1.1",
    "playbookContentId1": "Commvault_Disable_Data_Aging_Logic_App",
    "_playbookContentId1": "[variables('playbookContentId1')]",
    "playbookId1": "[resourceId('Microsoft.Logic/workflows', variables('playbookContentId1'))]",
    "playbookTemplateSpecName1": "[concat(parameters('workspace'),'/Microsoft.SecurityInsights/',concat(parameters('workspace'),'-pl-',uniquestring(variables('_playbookContentId1'))))]",
    "workspaceResourceId": "[resourceId('microsoft.OperationalInsights/Workspaces', parameters('workspace'))]",
    "_playbookcontentProductId1": "[concat(take(variables('_solutionId'),50),'-','pl','-', uniqueString(concat(variables('_solutionId'),'-','Playbook','-',variables('_playbookContentId1'),'-', variables('playbookVersion1'))))]",
    "blanks": "[replace('b', 'b', '')]",
    "Commvault_Disable_SAML_Provider_Logic_App": "Commvault_Disable_SAML_Provider_Logic_App",
    "_Commvault_Disable_SAML_Provider_Logic_App": "[variables('Commvault_Disable_SAML_Provider_Logic_App')]",
    "playbookVersion2": "1.1",
    "playbookContentId2": "Commvault_Disable_SAML_Provider_Logic_App",
    "_playbookContentId2": "[variables('playbookContentId2')]",
    "playbookId2": "[resourceId('Microsoft.Logic/workflows', variables('playbookContentId2'))]",
    "playbookTemplateSpecName2": "[concat(parameters('workspace'),'/Microsoft.SecurityInsights/',concat(parameters('workspace'),'-pl-',uniquestring(variables('_playbookContentId2'))))]",
    "_playbookcontentProductId2": "[concat(take(variables('_solutionId'),50),'-','pl','-', uniqueString(concat(variables('_solutionId'),'-','Playbook','-',variables('_playbookContentId2'),'-', variables('playbookVersion2'))))]",
    "Commvault_Disable_User_Logic_App": "Commvault_Disable_User_Logic_App",
    "_Commvault_Disable_User_Logic_App": "[variables('Commvault_Disable_User_Logic_App')]",
    "playbookVersion3": "1.1",
    "playbookContentId3": "Commvault_Disable_User_Logic_App",
    "_playbookContentId3": "[variables('playbookContentId3')]",
    "playbookId3": "[resourceId('Microsoft.Logic/workflows', variables('playbookContentId3'))]",
    "playbookTemplateSpecName3": "[concat(parameters('workspace'),'/Microsoft.SecurityInsights/',concat(parameters('workspace'),'-pl-',uniquestring(variables('_playbookContentId3'))))]",
    "_playbookcontentProductId3": "[concat(take(variables('_solutionId'),50),'-','pl','-', uniqueString(concat(variables('_solutionId'),'-','Playbook','-',variables('_playbookContentId3'),'-', variables('playbookVersion3'))))]",
    "uiConfigId1": "CommvaultSecurityIQ_CL",
    "_uiConfigId1": "[variables('uiConfigId1')]",
    "dataConnectorContentId1": "CommvaultSecurityIQ_CL",
    "_dataConnectorContentId1": "[variables('dataConnectorContentId1')]",
    "dataConnectorId1": "[extensionResourceId(resourceId('Microsoft.OperationalInsights/workspaces', parameters('workspace')), 'Microsoft.SecurityInsights/dataConnectors', variables('_dataConnectorContentId1'))]",
    "_dataConnectorId1": "[variables('dataConnectorId1')]",
    "dataConnectorTemplateSpecName1": "[concat(parameters('workspace'),'/Microsoft.SecurityInsights/',concat(parameters('workspace'),'-dc-',uniquestring(variables('_dataConnectorContentId1'))))]",
    "dataConnectorVersion1": "1.0.0",
    "_dataConnectorcontentProductId1": "[concat(take(variables('_solutionId'),50),'-','dc','-', uniqueString(concat(variables('_solutionId'),'-','DataConnector','-',variables('_dataConnectorContentId1'),'-', variables('dataConnectorVersion1'))))]",
    "_solutioncontentProductId": "[concat(take(variables('_solutionId'),50),'-','sl','-', uniqueString(concat(variables('_solutionId'),'-','Solution','-',variables('_solutionId'),'-', variables('_solutionVersion'))))]"
  },
  "resources": [
    {
      "type": "Microsoft.OperationalInsights/workspaces/providers/contentTemplates",
      "apiVersion": "2023-04-01-preview",
      "name": "[variables('analyticRuleObject1').analyticRuleTemplateSpecName1]",
      "location": "[parameters('workspace-location')]",
      "dependsOn": [
        "[extensionResourceId(resourceId('Microsoft.OperationalInsights/workspaces', parameters('workspace')), 'Microsoft.SecurityInsights/contentPackages', variables('_solutionId'))]"
      ],
      "properties": {
        "description": "CommvaultSecurityIQ_Alert_AnalyticalRules Analytics Rule with template version 3.0.3",
        "mainTemplate": {
          "$schema": "https://schema.management.azure.com/schemas/2019-04-01/deploymentTemplate.json#",
          "contentVersion": "[variables('analyticRuleObject1').analyticRuleVersion1]",
          "parameters": {},
          "variables": {},
          "resources": [
            {
              "type": "Microsoft.SecurityInsights/AlertRuleTemplates",
              "name": "[variables('analyticRuleObject1')._analyticRulecontentId1]",
              "apiVersion": "2023-02-01-preview",
              "kind": "Scheduled",
              "location": "[parameters('workspace-location')]",
              "properties": {
                "description": "This query identifies Alerts from Commvault Cloud.",
                "displayName": "Commvault Cloud Alert",
                "enabled": false,
                "query": "CommvaultSecurityIQ_CL\n| where strlen( originating_client_s ) > 0\n| take 1000\n",
                "queryFrequency": "PT5M",
                "queryPeriod": "PT5M",
                "severity": "Medium",
                "suppressionDuration": "PT1H",
                "suppressionEnabled": false,
                "triggerOperator": "GreaterThan",
                "triggerThreshold": 0,
                "status": "Available",
                "requiredDataConnectors": [
                  {
                    "datatypes": [
                      "CommvaultSecurityIQ_CL"
                    ],
                    "connectorId": "CommvaultSecurityIQ_CL"
                  }
                ],
                "tactics": [
                  "DefenseEvasion",
                  "Impact"
                ],
                "techniques": [
                  "T1578",
                  "T1531"
                ],
                "customDetails": {
                  "User": "username_s",
                  "Client": "originating_client_s"
                }
              }
            },
            {
              "type": "Microsoft.OperationalInsights/workspaces/providers/metadata",
              "apiVersion": "2022-01-01-preview",
              "name": "[concat(parameters('workspace'),'/Microsoft.SecurityInsights/',concat('AnalyticsRule-', last(split(variables('analyticRuleObject1').analyticRuleId1,'/'))))]",
              "properties": {
                "description": "Commvault Security IQ Analytics Rule 1",
                "parentId": "[variables('analyticRuleObject1').analyticRuleId1]",
                "contentId": "[variables('analyticRuleObject1')._analyticRulecontentId1]",
                "kind": "AnalyticsRule",
                "version": "[variables('analyticRuleObject1').analyticRuleVersion1]",
                "source": {
                  "kind": "Solution",
                  "name": "Commvault Security IQ",
                  "sourceId": "[variables('_solutionId')]"
                },
                "author": {
                  "name": "svc.cv-securityiq@commvault.com"
                },
                "support": {
                  "tier": "Partner",
                  "name": "Commvault",
                  "email": "support@commvault.com",
                  "link": "https://www.commvault.com/support"
                }
              }
            }
          ]
        },
        "packageKind": "Solution",
        "packageVersion": "[variables('_solutionVersion')]",
        "packageName": "[variables('_solutionName')]",
        "packageId": "[variables('_solutionId')]",
        "contentSchemaVersion": "3.0.0",
        "contentId": "[variables('analyticRuleObject1')._analyticRulecontentId1]",
        "contentKind": "AnalyticsRule",
        "displayName": "Commvault Cloud Alert",
        "contentProductId": "[variables('analyticRuleObject1')._analyticRulecontentProductId1]",
        "id": "[variables('analyticRuleObject1')._analyticRulecontentProductId1]",
        "version": "[variables('analyticRuleObject1').analyticRuleVersion1]"
      }
    },
    {
      "type": "Microsoft.OperationalInsights/workspaces/providers/contentTemplates",
      "apiVersion": "2023-04-01-preview",
      "name": "[variables('playbookTemplateSpecName1')]",
      "location": "[parameters('workspace-location')]",
      "dependsOn": [
        "[extensionResourceId(resourceId('Microsoft.OperationalInsights/workspaces', parameters('workspace')), 'Microsoft.SecurityInsights/contentPackages', variables('_solutionId'))]"
      ],
      "properties": {
        "description": "logic-app-disable-data-aging Playbook with template version 3.0.3",
        "mainTemplate": {
          "$schema": "https://schema.management.azure.com/schemas/2019-04-01/deploymentTemplate.json#",
          "contentVersion": "[variables('playbookVersion1')]",
          "parameters": {
            "PlaybookName": {
              "defaultValue": "logic-app-disable-data-aging",
              "type": "string"
            },
            "Automation-Account": {
              "defaultValue": "Commvault-Automation-Account",
              "type": "string"
            },
            "keyvaultName": {
              "type": "string"
            }
          },
          "variables": {
            "subscriptionId": "[[subscription().subscriptionId]",
            "tenantId": "[[subscription().tenantId]",
            "AzureautomationConnectionName": "[[concat('Azureautomation-', parameters('PlaybookName'))]",
            "MicrosoftSentinelConnectionName": "[[concat('MicrosoftSentinel-', parameters('PlaybookName'))]",
            "KeyvaultConnectionName": "[[concat('Keyvault-', parameters('PlaybookName'))]",
            "connection-2": "[[concat('/subscriptions/', subscription().subscriptionId, '/providers/Microsoft.Web/locations/', variables('workspace-location-inline'), '/managedApis/Azureautomation')]",
            "_connection-2": "[[variables('connection-2')]",
            "connection-3": "[[concat('/subscriptions/', subscription().subscriptionId, '/providers/Microsoft.Web/locations/', variables('workspace-location-inline'), '/managedApis/Azuresentinel')]",
            "_connection-3": "[[variables('connection-3')]",
            "connection-4": "[[concat('/subscriptions/', subscription().subscriptionId, '/providers/Microsoft.Web/locations/', variables('workspace-location-inline'), '/managedApis/Keyvault')]",
            "_connection-4": "[[variables('connection-4')]",
            "workspace-location-inline": "[concat('[resourceGroup().locatio', 'n]')]",
            "workspace-name": "[parameters('workspace')]",
            "workspaceResourceId": "[[resourceId('microsoft.OperationalInsights/Workspaces', variables('workspace-name'))]"
          },
          "resources": [
            {
              "apiVersion": "2017-07-01",
              "dependsOn": [
                "[[resourceId('Microsoft.Web/connections', variables('AzureautomationConnectionName'))]",
                "[[resourceId('Microsoft.Web/connections', variables('MicrosoftSentinelConnectionName'))]",
                "[[resourceId('Microsoft.Web/connections', variables('KeyvaultConnectionName'))]"
              ],
              "identity": {
                "type": "SystemAssigned"
              },
              "location": "[[variables('workspace-location-inline')]",
              "name": "[[parameters('PlaybookName')]",
              "properties": {
                "definition": {
                  "$schema": "https://schema.management.azure.com/providers/Microsoft.Logic/schemas/2016-06-01/workflowdefinition.json#",
                  "actions": {
                    "Access_Token": {
                      "type": "ApiConnection",
                      "inputs": {
                        "host": {
                          "connection": {
                            "name": "@parameters('$connections')['keyvault']['connectionId']"
                          }
                        },
                        "method": "get",
                        "path": "/secrets/@{encodeURIComponent('access-token')}/value"
                      }
                    },
                    "Disable_Data_Aging": {
                      "actions": {
                        "For_each": {
                          "foreach": "@triggerBody()?['object']?['properties']?['Alerts']",
                          "actions": {
                            "Parse_JSON": {
                              "type": "ParseJson",
                              "inputs": {
                                "content": "@items('For_each')?['properties']?['additionalData']?['Custom Details']",
                                "schema": {
                                  "type": "object",
                                  "properties": {
                                    "Client": {
                                      "type": "array",
                                      "items": {
                                        "type": "string"
                                      }
                                    },
                                    "User": {
                                      "type": "array",
                                      "items": {
                                        "type": "string"
                                      }
                                    }
                                  }
                                }
                              }
                            },
                            "For_each_1": {
                              "foreach": "@body('Parse_JSON')?['Client']",
                              "actions": {
                                "Disable_Data_Aging_Job_Output": {
                                  "runAfter": {
                                    "Create_Disable_Data_Aging": [
                                      "Succeeded"
                                    ]
                                  },
                                  "type": "ApiConnection",
                                  "inputs": {
                                    "host": {
                                      "connection": {
                                        "name": "@parameters('$connections')['azureautomation']['connectionId']"
                                      }
                                    },
                                    "method": "get",
                                    "path": "/subscriptions/@{encodeURIComponent(triggerBody()?['workspaceInfo']?['SubscriptionId'])}/resourceGroups/@{encodeURIComponent(triggerBody()?['workspaceInfo']?['ResourceGroupName'])}/providers/Microsoft.Automation/automationAccounts/@{encodeURIComponent('Commvault-Automation-Account')}/jobs/@{encodeURIComponent(body('Create_Disable_Data_Aging')?['properties']?['jobId'])}/output",
                                    "queries": {
                                      "x-ms-api-version": "2015-10-31"
                                    }
                                  }
                                },
                                "Create_Disable_Data_Aging": {
                                  "type": "ApiConnection",
                                  "inputs": {
                                    "host": {
                                      "connection": {
                                        "name": "@parameters('$connections')['azureautomation']['connectionId']"
                                      }
                                    },
                                    "method": "put",
                                    "body": {
                                      "properties": {
                                        "parameters": {
                                          "ClientName": "@items('For_each_1')",
                                          "EnvironmentEndpointURL": "@body('Environment_Endpoint_URL')?['value']",
                                          "apiAccessToken": "@body('Access_Token')?['value']"
                                        }
                                      }
                                    },
                                    "path": "/subscriptions/@{encodeURIComponent(triggerBody()?['workspaceInfo']?['SubscriptionId'])}/resourceGroups/@{encodeURIComponent(triggerBody()?['workspaceInfo']?['ResourceGroupName'])}/providers/Microsoft.Automation/automationAccounts/@{encodeURIComponent('Commvault-Automation-Account')}/jobs",
                                    "queries": {
                                      "x-ms-api-version": "2015-10-31",
                                      "runbookName": "Commvault_Disable_Data_Aging",
                                      "wait": true
                                    }
                                  }
                                }
                              },
                              "runAfter": {
                                "Parse_JSON": [
                                  "Succeeded"
                                ]
                              },
                              "type": "Foreach"
                            }
                          },
                          "type": "Foreach"
                        }
                      },
                      "runAfter": {
                        "Environment_Endpoint_URL": [
                          "Succeeded"
                        ]
                      },
                      "expression": {
                        "and": [
                          {
                            "not": {
                              "contains": [
                                "@triggerBody()?['object']?['properties']?['owner']",
                                "Data"
                              ]
                            }
                          }
                        ]
                      },
                      "type": "If"
                    },
                    "Environment_Endpoint_URL": {
                      "runAfter": {
                        "Access_Token": [
                          "Succeeded"
                        ]
                      },
                      "type": "ApiConnection",
                      "inputs": {
                        "host": {
                          "connection": {
                            "name": "@parameters('$connections')['keyvault']['connectionId']"
                          }
                        },
                        "method": "get",
                        "path": "/secrets/@{encodeURIComponent('environment-endpoint-url')}/value"
                      }
                    }
                  },
                  "contentVersion": "1.0.0.0",
                  "parameters": {
                    "$connections": {
                      "type": "Object"
                    }
                  },
                  "triggers": {
                    "Microsoft_Sentinel_incident": {
                      "inputs": {
                        "body": {
                          "callback_url": "@{listCallbackUrl()}"
                        },
                        "host": {
                          "connection": {
                            "name": "@parameters('$connections')['azuresentinel']['connectionId']"
                          }
                        },
                        "path": "/incident-creation"
                      },
                      "type": "ApiConnectionWebhook"
                    }
                  }
                },
                "parameters": {
                  "$connections": {
                    "value": {
                      "azureautomation": {
                        "connectionId": "[[resourceId('Microsoft.Web/connections', variables('AzureautomationConnectionName'))]",
                        "connectionName": "[[variables('AzureautomationConnectionName')]",
                        "connectionProperties": {
                          "authentication": {
                            "type": "ManagedServiceIdentity"
                          }
                        },
                        "id": "[[concat('/subscriptions/', subscription().subscriptionId, '/providers/Microsoft.Web/locations/', variables('workspace-location-inline'), '/managedApis/Azureautomation')]"
                      },
                      "azuresentinel": {
                        "connectionId": "[[resourceId('Microsoft.Web/connections', variables('MicrosoftSentinelConnectionName'))]",
                        "connectionName": "[[variables('MicrosoftSentinelConnectionName')]",
                        "connectionProperties": {
                          "authentication": {
                            "type": "ManagedServiceIdentity"
                          }
                        },
                        "id": "[[concat('/subscriptions/', subscription().subscriptionId, '/providers/Microsoft.Web/locations/', variables('workspace-location-inline'), '/managedApis/Azuresentinel')]"
                      },
                      "keyvault": {
                        "connectionId": "[[resourceId('Microsoft.Web/connections', variables('KeyvaultConnectionName'))]",
                        "connectionName": "[[variables('KeyvaultConnectionName')]",
                        "connectionProperties": {
                          "authentication": {
                            "type": "ManagedServiceIdentity"
                          }
                        },
                        "id": "[[concat('/subscriptions/', subscription().subscriptionId, '/providers/Microsoft.Web/locations/', variables('workspace-location-inline'), '/managedApis/Keyvault')]"
                      }
                    }
                  }
                },
                "state": "Enabled"
              },
              "tags": {
                "hidden-SentinelTemplateName": "logic-app-disable-data-aging",
                "hidden-SentinelTemplateVersion": "1.1",
                "hidden-SentinelWorkspaceId": "[[variables('workspaceResourceId')]"
              },
              "type": "Microsoft.Logic/workflows"
            },
            {
              "type": "Microsoft.Web/connections",
              "apiVersion": "2016-06-01",
              "name": "[[variables('AzureautomationConnectionName')]",
              "location": "[[variables('workspace-location-inline')]",
              "kind": "V1",
              "properties": {
                "displayName": "[[variables('AzureautomationConnectionName')]",
                "parameterValueType": "Alternative",
                "api": {
                  "id": "[[variables('_connection-2')]"
                }
              }
            },
            {
              "type": "Microsoft.Web/connections",
              "apiVersion": "2016-06-01",
              "name": "[[variables('MicrosoftSentinelConnectionName')]",
              "location": "[[variables('workspace-location-inline')]",
              "kind": "V1",
              "properties": {
                "displayName": "[[variables('MicrosoftSentinelConnectionName')]",
                "parameterValueType": "Alternative",
                "api": {
                  "id": "[[variables('_connection-3')]"
                }
              }
            },
            {
              "type": "Microsoft.Web/connections",
              "apiVersion": "2016-06-01",
              "name": "[[variables('KeyvaultConnectionName')]",
              "location": "[[variables('workspace-location-inline')]",
              "kind": "V1",
              "properties": {
                "displayName": "[[variables('KeyvaultConnectionName')]",
                "parameterValueType": "Alternative",
                "alternativeParameterValues": {
                  "token:TenantId": "[[variables('tenantId')]",
                  "token:grantType": "code",
                  "vaultName": "[[parameters('keyvaultName')]"
                },
                "api": {
                  "id": "[[variables('_connection-4')]"
                }
              }
            },
            {
              "type": "Microsoft.OperationalInsights/workspaces/providers/metadata",
              "apiVersion": "2022-01-01-preview",
              "name": "[concat(parameters('workspace'),'/Microsoft.SecurityInsights/',concat('Playbook-', last(split(variables('playbookId1'),'/'))))]",
              "properties": {
                "parentId": "[variables('playbookId1')]",
                "contentId": "[variables('_playbookContentId1')]",
                "kind": "Playbook",
                "version": "[variables('playbookVersion1')]",
                "source": {
                  "kind": "Solution",
                  "name": "Commvault Security IQ",
                  "sourceId": "[variables('_solutionId')]"
                },
                "author": {
                  "name": "svc.cv-securityiq@commvault.com"
                },
                "support": {
                  "tier": "Partner",
                  "name": "Commvault",
                  "email": "support@commvault.com",
                  "link": "https://www.commvault.com/support"
                }
              }
            }
          ],
          "metadata": {
            "title": "Commvault Disable Data Aging Logic App Playbook",
            "description": "This Logic App executes when called upon by an Automation Rule. Accessing the KeyVault to retrieve various credentials, it executes a specific runbook depending on the use case.",
            "prerequisites": [
              "1. Administrative access to your Commvault/Metallic environment.",
              "2. Administrative access to your Azure Resource Group and Subscription.",
              "3. A Microsoft Sentinel instance in the aforementioned Azure Resource Group.",
              "4. A Keyvault and an Automation Account configured as mentioned in the documentation here :- (https://github.com/Cv-securityIQ/Azure-Integration/blob/master/Solutions/Commvault%20Security%20IQ/README.md)"
            ],
            "postDeployment": [
              "1. Steps to follow the instructions are mentioned here :- (https://github.com/Cv-securityIQ/Azure-Integration/blob/master/Solutions/Commvault%20Security%20IQ/README.md)",
              "2. Give the required permissions to the logic app to get the secrets from the keyvault.",
              "3. Setup the Managed Identity"
            ],
            "lastUpdateTime": "2023-08-24T00:00:00Z",
            "tags": [
              "Commvault",
              "Metallic",
              "Threat Intelligence",
              "Ransomware",
              "Security - Automation (SOAR)"
            ],
            "releaseNotes": {
              "version": "1.1",
              "title": "[variables('blanks')]",
              "notes": [
                "Initial version"
              ]
            }
          }
        },
        "packageKind": "Solution",
        "packageVersion": "[variables('_solutionVersion')]",
        "packageName": "[variables('_solutionName')]",
        "packageId": "[variables('_solutionId')]",
        "contentSchemaVersion": "3.0.0",
        "contentId": "[variables('_playbookContentId1')]",
        "contentKind": "Playbook",
        "displayName": "logic-app-disable-data-aging",
        "contentProductId": "[variables('_playbookcontentProductId1')]",
        "id": "[variables('_playbookcontentProductId1')]",
        "version": "[variables('playbookVersion1')]"
      }
    },
    {
      "type": "Microsoft.OperationalInsights/workspaces/providers/contentTemplates",
      "apiVersion": "2023-04-01-preview",
      "name": "[variables('playbookTemplateSpecName2')]",
      "location": "[parameters('workspace-location')]",
      "dependsOn": [
        "[extensionResourceId(resourceId('Microsoft.OperationalInsights/workspaces', parameters('workspace')), 'Microsoft.SecurityInsights/contentPackages', variables('_solutionId'))]"
      ],
      "properties": {
        "description": "logic-app-disable-saml-provider Playbook with template version 3.0.3",
        "mainTemplate": {
          "$schema": "https://schema.management.azure.com/schemas/2019-04-01/deploymentTemplate.json#",
          "contentVersion": "[variables('playbookVersion2')]",
          "parameters": {
            "PlaybookName": {
              "defaultValue": "logic-app-disable-saml-provider",
              "type": "string"
            },
            "Automation-Account": {
              "defaultValue": "Commvault-Automation-Account",
              "type": "string"
            },
            "keyvaultName": {
              "type": "string"
            }
          },
          "variables": {
            "subscriptionId": "[[subscription().subscriptionId]",
            "tenantId": "[[subscription().tenantId]",
            "AzureautomationConnectionName": "[[concat('Azureautomation-', parameters('PlaybookName'))]",
            "MicrosoftSentinelConnectionName": "[[concat('MicrosoftSentinel-', parameters('PlaybookName'))]",
            "KeyvaultConnectionName": "[[concat('Keyvault-', parameters('PlaybookName'))]",
            "connection-2": "[[concat('/subscriptions/', subscription().subscriptionId, '/providers/Microsoft.Web/locations/', variables('workspace-location-inline'), '/managedApis/Azureautomation')]",
            "_connection-2": "[[variables('connection-2')]",
            "connection-3": "[[concat('/subscriptions/', subscription().subscriptionId, '/providers/Microsoft.Web/locations/', variables('workspace-location-inline'), '/managedApis/Azuresentinel')]",
            "_connection-3": "[[variables('connection-3')]",
            "connection-4": "[[concat('/subscriptions/', subscription().subscriptionId, '/providers/Microsoft.Web/locations/', variables('workspace-location-inline'), '/managedApis/Keyvault')]",
            "_connection-4": "[[variables('connection-4')]",
            "workspace-location-inline": "[concat('[resourceGroup().locatio', 'n]')]",
            "workspace-name": "[parameters('workspace')]",
            "workspaceResourceId": "[[resourceId('microsoft.OperationalInsights/Workspaces', variables('workspace-name'))]"
          },
          "resources": [
            {
              "properties": {
                "provisioningState": "Succeeded",
                "state": "Enabled",
                "definition": {
                  "$schema": "https://schema.management.azure.com/providers/Microsoft.Logic/schemas/2016-06-01/workflowdefinition.json#",
                  "contentVersion": "1.0.0.0",
                  "parameters": {
                    "$connections": {
                      "type": "Object"
                    }
                  },
                  "triggers": {
                    "Microsoft_Sentinel_incident": {
                      "type": "ApiConnectionWebhook",
                      "inputs": {
                        "body": {
                          "callback_url": "@{listCallbackUrl()}"
                        },
                        "host": {
                          "connection": {
                            "name": "@parameters('$connections')['azuresentinel']['connectionId']"
                          }
                        },
                        "path": "/incident-creation"
                      }
                    }
                  },
                  "actions": {
                    "Access_Token": {
                      "type": "ApiConnection",
                      "inputs": {
                        "host": {
                          "connection": {
                            "name": "@parameters('$connections')['keyvault']['connectionId']"
                          }
                        },
                        "method": "get",
                        "path": "/secrets/@{encodeURIComponent('access-token')}/value"
                      }
                    },
                    "Disable_IDP": {
                      "actions": {
                        "Disable_IDP_Job": {
                          "type": "ApiConnection",
                          "inputs": {
                            "body": {
                              "properties": {
                                "parameters": {
                                  "EnvironmentEndpointURL": "@body('Environment_Endpoint_URL')?['value']",
                                  "apiAccessToken": "@body('Access_Token')?['value']"
                                }
                              }
                            },
                            "host": {
                              "connection": {
                                "name": "@parameters('$connections')['azureautomation']['connectionId']"
                              }
                            },
                            "method": "put",
                            "path": "/subscriptions/@{encodeURIComponent(triggerBody()?['workspaceInfo']?['SubscriptionId'])}/resourceGroups/@{encodeURIComponent(triggerBody()?['workspaceInfo']?['ResourceGroupName'])}/providers/Microsoft.Automation/automationAccounts/@{encodeURIComponent('Commvault-Automation-Account')}/jobs",
                            "queries": {
                              "runbookName": "Commvault_Disable_IDP",
                              "wait": true,
                              "x-ms-api-version": "2015-10-31"
                            }
                          }
                        },
                        "Disable_IDP_Job_Output": {
                          "runAfter": {
                            "Disable_IDP_Job": [
                              "Succeeded"
                            ]
                          },
                          "type": "ApiConnection",
                          "inputs": {
                            "host": {
                              "connection": {
                                "name": "@parameters('$connections')['azureautomation']['connectionId']"
                              }
                            },
                            "method": "get",
                            "path": "/subscriptions/@{encodeURIComponent(triggerBody()?['workspaceInfo']?['SubscriptionId'])}/resourceGroups/@{encodeURIComponent(triggerBody()?['workspaceInfo']?['ResourceGroupName'])}/providers/Microsoft.Automation/automationAccounts/@{encodeURIComponent('Commvault-Automation-Account')}/jobs/@{encodeURIComponent(body('Disable_IDP_Job')?['properties']?['jobId'])}/output",
                            "queries": {
                              "x-ms-api-version": "2015-10-31"
                            }
                          }
                        }
                      },
                      "runAfter": {
                        "Environment_Endpoint_URL": [
                          "Succeeded"
                        ]
                      },
                      "expression": {
                        "and": [
                          {
                            "not": {
                              "contains": [
                                "@triggerBody()?['object']?['properties']?['description']",
                                "IDP"
                              ]
                            }
                          }
                        ]
                      },
                      "type": "If"
                    },
                    "Environment_Endpoint_URL": {
                      "runAfter": {
                        "Access_Token": [
                          "Succeeded"
                        ]
                      },
                      "type": "ApiConnection",
                      "inputs": {
                        "host": {
                          "connection": {
                            "name": "@parameters('$connections')['keyvault']['connectionId']"
                          }
                        },
                        "method": "get",
                        "path": "/secrets/@{encodeURIComponent('environment-endpoint-url')}/value"
                      }
                    }
                  }
                },
                "parameters": {
                  "$connections": {
                    "value": {
                      "azureautomation": {
                        "connectionId": "[[resourceId('Microsoft.Web/connections', variables('AzureautomationConnectionName'))]",
                        "connectionName": "[[variables('AzureautomationConnectionName')]",
                        "id": "[[concat('/subscriptions/', subscription().subscriptionId, '/providers/Microsoft.Web/locations/', variables('workspace-location-inline'), '/managedApis/Azureautomation')]",
                        "connectionProperties": {
                          "authentication": {
                            "type": "ManagedServiceIdentity"
                          }
                        }
                      },
                      "azuresentinel": {
                        "connectionId": "[[resourceId('Microsoft.Web/connections', variables('MicrosoftSentinelConnectionName'))]",
                        "connectionName": "[[variables('MicrosoftSentinelConnectionName')]",
                        "id": "[[concat('/subscriptions/', subscription().subscriptionId, '/providers/Microsoft.Web/locations/', variables('workspace-location-inline'), '/managedApis/Azuresentinel')]",
                        "connectionProperties": {
                          "authentication": {
                            "type": "ManagedServiceIdentity"
                          }
                        }
                      },
                      "keyvault": {
                        "connectionId": "[[resourceId('Microsoft.Web/connections', variables('KeyvaultConnectionName'))]",
                        "connectionName": "[[variables('KeyvaultConnectionName')]",
                        "id": "[[concat('/subscriptions/', subscription().subscriptionId, '/providers/Microsoft.Web/locations/', variables('workspace-location-inline'), '/managedApis/Keyvault')]",
                        "connectionProperties": {
                          "authentication": {
                            "type": "ManagedServiceIdentity"
                          }
                        }
                      }
                    }
                  }
                }
              },
              "name": "[[parameters('PlaybookName')]",
              "type": "Microsoft.Logic/workflows",
              "location": "[[variables('workspace-location-inline')]",
              "tags": {
                "hidden-SentinelTemplateName": "logic-app-disable-saml-provider",
                "hidden-SentinelTemplateVersion": "1.1",
                "hidden-SentinelWorkspaceId": "[[variables('workspaceResourceId')]"
              },
              "identity": {
                "type": "SystemAssigned"
              },
              "apiVersion": "2017-07-01",
              "dependsOn": [
                "[[resourceId('Microsoft.Web/connections', variables('AzureautomationConnectionName'))]",
                "[[resourceId('Microsoft.Web/connections', variables('MicrosoftSentinelConnectionName'))]",
                "[[resourceId('Microsoft.Web/connections', variables('KeyvaultConnectionName'))]"
              ]
            },
            {
              "type": "Microsoft.Web/connections",
              "apiVersion": "2016-06-01",
              "name": "[[variables('AzureautomationConnectionName')]",
              "location": "[[variables('workspace-location-inline')]",
              "kind": "V1",
              "properties": {
                "displayName": "[[variables('AzureautomationConnectionName')]",
                "parameterValueType": "Alternative",
                "api": {
                  "id": "[[variables('_connection-2')]"
                }
              }
            },
            {
              "type": "Microsoft.Web/connections",
              "apiVersion": "2016-06-01",
              "name": "[[variables('MicrosoftSentinelConnectionName')]",
              "location": "[[variables('workspace-location-inline')]",
              "kind": "V1",
              "properties": {
                "displayName": "[[variables('MicrosoftSentinelConnectionName')]",
                "parameterValueType": "Alternative",
                "api": {
                  "id": "[[variables('_connection-3')]"
                }
              }
            },
            {
              "type": "Microsoft.Web/connections",
              "apiVersion": "2016-06-01",
              "name": "[[variables('KeyvaultConnectionName')]",
              "location": "[[variables('workspace-location-inline')]",
              "kind": "V1",
              "properties": {
                "displayName": "[[variables('KeyvaultConnectionName')]",
                "parameterValueType": "Alternative",
                "alternativeParameterValues": {
                  "token:TenantId": "[[variables('tenantId')]",
                  "token:grantType": "code",
                  "vaultName": "[[parameters('keyvaultName')]"
                },
                "api": {
                  "id": "[[variables('_connection-4')]"
                }
              }
            },
            {
              "type": "Microsoft.OperationalInsights/workspaces/providers/metadata",
              "apiVersion": "2022-01-01-preview",
              "name": "[concat(parameters('workspace'),'/Microsoft.SecurityInsights/',concat('Playbook-', last(split(variables('playbookId2'),'/'))))]",
              "properties": {
                "parentId": "[variables('playbookId2')]",
                "contentId": "[variables('_playbookContentId2')]",
                "kind": "Playbook",
                "version": "[variables('playbookVersion2')]",
                "source": {
                  "kind": "Solution",
                  "name": "Commvault Security IQ",
                  "sourceId": "[variables('_solutionId')]"
                },
                "author": {
                  "name": "svc.cv-securityiq@commvault.com"
                },
                "support": {
                  "tier": "Partner",
                  "name": "Commvault",
                  "email": "support@commvault.com",
                  "link": "https://www.commvault.com/support"
                }
              }
            }
          ],
          "metadata": {
            "title": "Commvault Disable SAML Provider Logic App Playbook",
            "description": "This Logic App executes when called upon by an Automation Rule. Accessing the KeyVault to retrieve various credentials, it executes a specific runbook depending on the use case.",
            "prerequisites": [
              "1. Administrative access to your Commvault/Metallic environment.",
              "2. Administrative access to your Azure Resource Group and Subscription.",
              "3. A Microsoft Sentinel instance in the aforementioned Azure Resource Group.",
              "4. A Keyvault and an Automation Account configured as mentioned in the documentation here :- (https://github.com/Cv-securityIQ/Azure-Integration/blob/master/Solutions/Commvault%20Security%20IQ/README.md)"
            ],
            "postDeployment": [
              "1. Steps to follow the instructions are mentioned here :- (https://github.com/Cv-securityIQ/Azure-Integration/blob/master/Solutions/Commvault%20Security%20IQ/README.md)",
              "2. Give the required permissions to the logic app to get the secrets from the keyvault.",
              "3. Setup the Managed Identity"
            ],
            "lastUpdateTime": "2023-08-24T00:00:00Z",
            "tags": [
              "Commvault",
              "Metallic",
              "Threat Intelligence",
              "Ransomware",
              "Security - Automation (SOAR)"
            ],
            "releaseNotes": {
              "version": "1.1",
              "title": "[variables('blanks')]",
              "notes": [
                "Initial version"
              ]
            }
          }
        },
        "packageKind": "Solution",
        "packageVersion": "[variables('_solutionVersion')]",
        "packageName": "[variables('_solutionName')]",
        "packageId": "[variables('_solutionId')]",
        "contentSchemaVersion": "3.0.0",
        "contentId": "[variables('_playbookContentId2')]",
        "contentKind": "Playbook",
        "displayName": "logic-app-disable-saml-provider",
        "contentProductId": "[variables('_playbookcontentProductId2')]",
        "id": "[variables('_playbookcontentProductId2')]",
        "version": "[variables('playbookVersion2')]"
      }
    },
    {
      "type": "Microsoft.OperationalInsights/workspaces/providers/contentTemplates",
      "apiVersion": "2023-04-01-preview",
      "name": "[variables('playbookTemplateSpecName3')]",
      "location": "[parameters('workspace-location')]",
      "dependsOn": [
        "[extensionResourceId(resourceId('Microsoft.OperationalInsights/workspaces', parameters('workspace')), 'Microsoft.SecurityInsights/contentPackages', variables('_solutionId'))]"
      ],
      "properties": {
        "description": "logic-app-disable-user Playbook with template version 3.0.3",
        "mainTemplate": {
          "$schema": "https://schema.management.azure.com/schemas/2019-04-01/deploymentTemplate.json#",
          "contentVersion": "[variables('playbookVersion3')]",
          "parameters": {
            "PlaybookName": {
              "defaultValue": "logic-app-disable-user",
              "type": "string"
            },
            "Automation-Account": {
              "defaultValue": "Commvault-Automation-Account",
              "type": "string"
            },
            "keyvaultName": {
              "type": "string"
            }
          },
          "variables": {
            "subscriptionId": "[[subscription().subscriptionId]",
            "tenantId": "[[subscription().tenantId]",
            "AzureautomationConnectionName": "[[concat('Azureautomation-', parameters('PlaybookName'))]",
            "MicrosoftSentinelConnectionName": "[[concat('MicrosoftSentinel-', parameters('PlaybookName'))]",
            "KeyvaultConnectionName": "[[concat('Keyvault-', parameters('PlaybookName'))]",
            "connection-2": "[[concat('/subscriptions/', subscription().subscriptionId, '/providers/Microsoft.Web/locations/', variables('workspace-location-inline'), '/managedApis/Azureautomation')]",
            "_connection-2": "[[variables('connection-2')]",
            "connection-3": "[[concat('/subscriptions/', subscription().subscriptionId, '/providers/Microsoft.Web/locations/', variables('workspace-location-inline'), '/managedApis/Azuresentinel')]",
            "_connection-3": "[[variables('connection-3')]",
            "connection-4": "[[concat('/subscriptions/', subscription().subscriptionId, '/providers/Microsoft.Web/locations/', variables('workspace-location-inline'), '/managedApis/Keyvault')]",
            "_connection-4": "[[variables('connection-4')]",
            "workspace-location-inline": "[concat('[resourceGroup().locatio', 'n]')]",
            "workspace-name": "[parameters('workspace')]",
            "workspaceResourceId": "[[resourceId('microsoft.OperationalInsights/Workspaces', variables('workspace-name'))]"
          },
          "resources": [
            {
              "properties": {
                "provisioningState": "Succeeded",
                "state": "Enabled",
                "definition": {
                  "$schema": "https://schema.management.azure.com/providers/Microsoft.Logic/schemas/2016-06-01/workflowdefinition.json#",
                  "contentVersion": "1.0.0.0",
                  "parameters": {
                    "$connections": {
                      "type": "Object"
                    }
                  },
                  "triggers": {
                    "Microsoft_Sentinel_incident": {
                      "type": "ApiConnectionWebhook",
                      "inputs": {
                        "body": {
                          "callback_url": "@{listCallbackUrl()}"
                        },
                        "host": {
                          "connection": {
                            "name": "@parameters('$connections')['azuresentinel']['connectionId']"
                          }
                        },
                        "path": "/incident-creation"
                      }
                    }
                  },
                  "actions": {
                    "Access_Token": {
                      "type": "ApiConnection",
                      "inputs": {
                        "host": {
                          "connection": {
                            "name": "@parameters('$connections')['keyvault']['connectionId']"
                          }
                        },
                        "method": "get",
                        "path": "/secrets/@{encodeURIComponent('access-token')}/value"
                      }
                    },
                    "Disable_User": {
                      "actions": {
                        "For_each": {
                          "foreach": "@triggerBody()?['object']?['properties']?['Alerts']",
                          "actions": {
                            "Parse_JSON": {
                              "type": "ParseJson",
                              "inputs": {
                                "content": "@items('For_each')?['properties']?['additionalData']?['Custom Details']",
                                "schema": {
                                  "type": "object",
                                  "properties": {
                                    "User": {
                                      "type": "array",
                                      "items": {
                                        "type": "string"
                                      }
                                    }
                                  }
                                }
                              }
                            },
                            "For_each_user": {
                              "foreach": "@body('Parse_JSON')?['User']",
                              "actions": {
                                "Disable_User_Job": {
                                  "type": "ApiConnection",
                                  "inputs": {
                                    "host": {
                                      "connection": {
                                        "name": "@parameters('$connections')['azureautomation']['connectionId']"
                                      }
                                    },
                                    "method": "put",
                                    "body": {
                                      "properties": {
                                        "parameters": {
                                          "EnvironmentEndpointURL": "@body('Environment_Endpoint_URL')?['value']",
                                          "UserIdentity": "@items('For_each_user')",
                                          "apiAccessToken": "@body('Access_Token')?['value']"
                                        }
                                      }
                                    },
                                    "path": "/subscriptions/@{encodeURIComponent(triggerBody()?['workspaceInfo']?['SubscriptionId'])}/resourceGroups/@{encodeURIComponent(triggerBody()?['workspaceInfo']?['ResourceGroupName'])}/providers/Microsoft.Automation/automationAccounts/@{encodeURIComponent('Commvault-Automation-Account')}/jobs",
                                    "queries": {
                                      "x-ms-api-version": "2015-10-31",
                                      "runbookName": "Commvault_Disable_User",
                                      "wait": true
                                    }
                                  }
                                },
                                "Disable_User_Job_Output": {
                                  "runAfter": {
                                    "Disable_User_Job": [
                                      "Succeeded"
                                    ]
                                  },
                                  "type": "ApiConnection",
                                  "inputs": {
                                    "host": {
                                      "connection": {
                                        "name": "@parameters('$connections')['azureautomation']['connectionId']"
                                      }
                                    },
                                    "method": "get",
                                    "path": "/subscriptions/@{encodeURIComponent(triggerBody()?['workspaceInfo']?['SubscriptionId'])}/resourceGroups/@{encodeURIComponent(triggerBody()?['workspaceInfo']?['ResourceGroupName'])}/providers/Microsoft.Automation/automationAccounts/@{encodeURIComponent('Commvault-Automation-Account')}/jobs/@{encodeURIComponent(body('Disable_User_Job')?['properties']?['jobId'])}/output",
                                    "queries": {
                                      "x-ms-api-version": "2015-10-31"
                                    }
                                  }
                                }
                              },
                              "runAfter": {
                                "Parse_JSON": [
                                  "Succeeded"
                                ]
                              },
                              "type": "Foreach"
                            }
                          },
                          "type": "Foreach"
                        }
                      },
                      "runAfter": {
                        "Environment_Endpoint_URL": [
                          "Succeeded"
                        ]
                      },
                      "expression": {
                        "and": [
                          {
                            "not": {
                              "startsWith": [
                                "@triggerBody()?['object']?['properties']?['description']",
                                "User"
                              ]
                            }
                          }
                        ]
                      },
                      "type": "If"
                    },
                    "Environment_Endpoint_URL": {
                      "runAfter": {
                        "Access_Token": [
                          "Succeeded"
                        ]
                      },
                      "type": "ApiConnection",
                      "inputs": {
                        "host": {
                          "connection": {
                            "name": "@parameters('$connections')['keyvault']['connectionId']"
                          }
                        },
                        "method": "get",
                        "path": "/secrets/@{encodeURIComponent('environment-endpoint-url')}/value"
                      }
                    }
                  }
                },
                "parameters": {
                  "$connections": {
                    "value": {
                      "azureautomation": {
                        "connectionId": "[[resourceId('Microsoft.Web/connections', variables('AzureautomationConnectionName'))]",
                        "connectionName": "[[variables('AzureautomationConnectionName')]",
                        "id": "[[concat('/subscriptions/', subscription().subscriptionId, '/providers/Microsoft.Web/locations/', variables('workspace-location-inline'), '/managedApis/Azureautomation')]",
                        "connectionProperties": {
                          "authentication": {
                            "type": "ManagedServiceIdentity"
                          }
                        }
                      },
                      "azuresentinel": {
                        "connectionId": "[[resourceId('Microsoft.Web/connections', variables('MicrosoftSentinelConnectionName'))]",
                        "connectionName": "[[variables('MicrosoftSentinelConnectionName')]",
                        "id": "[[concat('/subscriptions/', subscription().subscriptionId, '/providers/Microsoft.Web/locations/', variables('workspace-location-inline'), '/managedApis/Azuresentinel')]",
                        "connectionProperties": {
                          "authentication": {
                            "type": "ManagedServiceIdentity"
                          }
                        }
                      },
                      "keyvault": {
                        "connectionId": "[[resourceId('Microsoft.Web/connections', variables('KeyvaultConnectionName'))]",
                        "connectionName": "[[variables('KeyvaultConnectionName')]",
                        "id": "[[concat('/subscriptions/', subscription().subscriptionId, '/providers/Microsoft.Web/locations/', variables('workspace-location-inline'), '/managedApis/Keyvault')]",
                        "connectionProperties": {
                          "authentication": {
                            "type": "ManagedServiceIdentity"
                          }
                        }
                      }
                    }
                  }
                }
              },
              "name": "[[parameters('PlaybookName')]",
              "type": "Microsoft.Logic/workflows",
              "location": "[[variables('workspace-location-inline')]",
              "tags": {
                "hidden-SentinelTemplateName": "logic-app-disable-user",
                "hidden-SentinelTemplateVersion": "1.1",
                "hidden-SentinelWorkspaceId": "[[variables('workspaceResourceId')]"
              },
              "identity": {
                "type": "SystemAssigned"
              },
              "apiVersion": "2017-07-01",
              "dependsOn": [
                "[[resourceId('Microsoft.Web/connections', variables('AzureautomationConnectionName'))]",
                "[[resourceId('Microsoft.Web/connections', variables('MicrosoftSentinelConnectionName'))]",
                "[[resourceId('Microsoft.Web/connections', variables('KeyvaultConnectionName'))]"
              ]
            },
            {
              "type": "Microsoft.Web/connections",
              "apiVersion": "2016-06-01",
              "name": "[[variables('AzureautomationConnectionName')]",
              "location": "[[variables('workspace-location-inline')]",
              "kind": "V1",
              "properties": {
                "displayName": "[[variables('AzureautomationConnectionName')]",
                "parameterValueType": "Alternative",
                "api": {
                  "id": "[[variables('_connection-2')]"
                }
              }
            },
            {
              "type": "Microsoft.Web/connections",
              "apiVersion": "2016-06-01",
              "name": "[[variables('MicrosoftSentinelConnectionName')]",
              "location": "[[variables('workspace-location-inline')]",
              "kind": "V1",
              "properties": {
                "displayName": "[[variables('MicrosoftSentinelConnectionName')]",
                "parameterValueType": "Alternative",
                "api": {
                  "id": "[[variables('_connection-3')]"
                }
              }
            },
            {
              "type": "Microsoft.Web/connections",
              "apiVersion": "2016-06-01",
              "name": "[[variables('KeyvaultConnectionName')]",
              "location": "[[variables('workspace-location-inline')]",
              "kind": "V1",
              "properties": {
                "displayName": "[[variables('KeyvaultConnectionName')]",
                "parameterValueType": "Alternative",
                "alternativeParameterValues": {
                  "token:TenantId": "[[variables('tenantId')]",
                  "token:grantType": "code",
                  "vaultName": "[[parameters('keyvaultName')]"
                },
                "api": {
                  "id": "[[variables('_connection-4')]"
                }
              }
            },
            {
              "type": "Microsoft.OperationalInsights/workspaces/providers/metadata",
              "apiVersion": "2022-01-01-preview",
              "name": "[concat(parameters('workspace'),'/Microsoft.SecurityInsights/',concat('Playbook-', last(split(variables('playbookId3'),'/'))))]",
              "properties": {
                "parentId": "[variables('playbookId3')]",
                "contentId": "[variables('_playbookContentId3')]",
                "kind": "Playbook",
                "version": "[variables('playbookVersion3')]",
                "source": {
                  "kind": "Solution",
                  "name": "Commvault Security IQ",
                  "sourceId": "[variables('_solutionId')]"
                },
                "author": {
                  "name": "svc.cv-securityiq@commvault.com"
                },
                "support": {
                  "tier": "Partner",
                  "name": "Commvault",
                  "email": "support@commvault.com",
                  "link": "https://www.commvault.com/support"
                }
              }
            }
          ],
          "metadata": {
            "title": "Commvault Disable User Logic App Playbook",
            "description": "This Logic App executes when called upon by an Automation Rule. Accessing the KeyVault to retrieve various credentials, it executes a specific runbook depending on the use case.",
            "prerequisites": [
              "1. Administrative access to your Commvault/Metallic environment.",
              "2. Administrative access to your Azure Resource Group and Subscription.",
              "3. A Microsoft Sentinel instance in the aforementioned Azure Resource Group.",
              "4. A Keyvault and an Automation Account configured as mentioned in the documentation here :- (https://github.com/Cv-securityIQ/Azure-Integration/blob/master/Solutions/Commvault%20Security%20IQ/README.md)"
            ],
            "postDeployment": [
              "1. Steps to follow the instructions are mentioned here :- (https://github.com/Cv-securityIQ/Azure-Integration/blob/master/Solutions/Commvault%20Security%20IQ/README.md)",
              "2. Give the required permissions to the logic app to get the secrets from the keyvault.",
              "3. Setup the Managed Identity"
            ],
            "lastUpdateTime": "2023-08-24T00:00:00Z",
            "tags": [
              "Commvault",
              "Metallic",
              "Threat Intelligence",
              "Ransomware",
              "Security - Automation (SOAR)"
            ],
            "releaseNotes": {
              "version": "1.1",
              "title": "[variables('blanks')]",
              "notes": [
                "Initial version"
              ]
            }
          }
        },
        "packageKind": "Solution",
        "packageVersion": "[variables('_solutionVersion')]",
        "packageName": "[variables('_solutionName')]",
        "packageId": "[variables('_solutionId')]",
        "contentSchemaVersion": "3.0.0",
        "contentId": "[variables('_playbookContentId3')]",
        "contentKind": "Playbook",
        "displayName": "logic-app-disable-user",
        "contentProductId": "[variables('_playbookcontentProductId3')]",
        "id": "[variables('_playbookcontentProductId3')]",
        "version": "[variables('playbookVersion3')]"
      }
    },
    {
      "type": "Microsoft.OperationalInsights/workspaces/providers/contentTemplates",
      "apiVersion": "2023-04-01-preview",
      "name": "[variables('dataConnectorTemplateSpecName1')]",
      "location": "[parameters('workspace-location')]",
      "dependsOn": [
        "[extensionResourceId(resourceId('Microsoft.OperationalInsights/workspaces', parameters('workspace')), 'Microsoft.SecurityInsights/contentPackages', variables('_solutionId'))]"
      ],
      "properties": {
        "description": "Commvault Security IQ data connector with template version 3.0.3",
        "mainTemplate": {
          "$schema": "https://schema.management.azure.com/schemas/2019-04-01/deploymentTemplate.json#",
          "contentVersion": "[variables('dataConnectorVersion1')]",
          "parameters": {},
          "variables": {},
          "resources": [
            {
              "name": "[concat(parameters('workspace'),'/Microsoft.SecurityInsights/',variables('_dataConnectorContentId1'))]",
              "apiVersion": "2021-03-01-preview",
              "type": "Microsoft.OperationalInsights/workspaces/providers/dataConnectors",
              "location": "[parameters('workspace-location')]",
              "kind": "GenericUI",
              "properties": {
                "connectorUiConfig": {
                  "id": "[variables('_uiConfigId1')]",
                  "title": "CommvaultSecurityIQ",
                  "publisher": "Commvault",
                  "descriptionMarkdown": "This Azure Function enables Commvault users to ingest alerts/events into their Microsoft Sentinel instance. With Analytic Rules,Microsoft Sentinel can automatically create Microsoft Sentinel incidents from incoming events and logs.",
                  "graphQueries": [
                    {
                      "metricName": "Commvault Events",
                      "legend": "Commvault Security IQ Logs",
                      "baseQuery": "CommvaultSecurityIQ_CL"
                    }
                  ],
                  "sampleQueries": [
                    {
                      "description": "Last 10 events/alerts ",
                      "query": "CommvaultSecurityIQ_CL \n| where TimeGenerated > ago(24h) \n| limit 10"
                    }
                  ],
                  "dataTypes": [
                    {
                      "name": "CommvaultSecurityIQ_CL",
                      "lastDataReceivedQuery": "CommvaultSecurityIQ_CL\n            | summarize Time = max(TimeGenerated)\n            | where isnotempty(Time)"
                    }
                  ],
                  "connectivityCriterias": [
                    {
                      "type": "IsConnectedQuery",
                      "value": [
                        "CommvaultSecurityIQ_CL\n            | summarize LastLogReceived = max(TimeGenerated)\n            | project IsConnected = LastLogReceived > ago(30d)"
                      ]
                    }
                  ],
                  "availability": {
                    "status": 1,
                    "isPreview": false
                  },
                  "permissions": {
                    "resourceProvider": [
                      {
                        "provider": "Microsoft.OperationalInsights/workspaces",
                        "permissionsDisplayText": "read and write permissions on the workspace are required.",
                        "providerDisplayName": "Workspace",
                        "scope": "Workspace",
                        "requiredPermissions": {
                          "write": true,
                          "read": true,
                          "delete": true
                        }
                      },
                      {
                        "provider": "Microsoft.OperationalInsights/workspaces/sharedKeys",
                        "permissionsDisplayText": "read permissions to shared keys for the workspace are required. [See the documentation to learn more about workspace keys](https://docs.microsoft.com/azure/azure-monitor/platform/agent-windows#obtain-workspace-id-and-key).",
                        "providerDisplayName": "Keys",
                        "scope": "Workspace",
                        "requiredPermissions": {
                          "action": true
                        }
                      }
                    ],
                    "customs": [
                      {
                        "name": "Microsoft.Web/sites permissions",
                        "description": "Read and write permissions to Azure Functions to create a Function App is required. [See the documentation to learn more about Azure Functions](https://docs.microsoft.com/azure/azure-functions/)."
                      },
                      {
                        "name": "Commvault Environment Endpoint URL",
                        "description": "Make sure to follow the documentation and set the secret value in KeyVault"
                      },
                      {
                        "name": "Commvault QSDK Token",
                        "description": "Make sure to follow the documentation and set the secret value in KeyVault"
                      }
                    ]
                  },
                  "instructionSteps": [
                    {
                      "description": ">**NOTE:** This connector uses Azure Functions to connect to a Commvault Instance to pull its logs into Microsoft Sentinel. This might result in additional data ingestion costs. Check the [Azure Functions pricing page](https://azure.microsoft.com/pricing/details/functions/) for details."
                    },
                    {
                      "description": ">Securely store workspace and API authorization key(s) or token(s) in Azure Key Vault. Azure Key Vault provides a secure mechanism to store and retrieve key values. [Follow these instructions](https://docs.microsoft.com/azure/app-service/app-service-key-vault-references) to use Azure Key Vault with an Azure Function App."
                    },
                    {
                      "description": "**STEP 1 - Configuration steps for the Commvalut QSDK Token**\n\n[Follow these instructions](https://documentation.commvault.com/2024e/essential/creating_access_token.html) to create an API Token."
                    },
                    {
                      "description": "**STEP 2 - Choose ONE from the following two deployment options to deploy the connector and the associated Azure Function**\n\n>**IMPORTANT:** Before deploying the CommvaultSecurityIQ data connector, have the Workspace ID  and Workspace Primary Key (can be copied from the following), as well as the Commvault Endpoint URL and QSDK Token, readily available.",
                      "instructions": [
                        {
                          "parameters": {
                            "fillWith": [
                              "WorkspaceId"
                            ],
                            "label": "Workspace ID"
                          },
                          "type": "CopyableLabel"
                        },
                        {
                          "parameters": {
                            "fillWith": [
                              "PrimaryKey"
                            ],
                            "label": "Primary Key"
                          },
                          "type": "CopyableLabel"
                        }
                      ]
                    },
                    {
                      "description": "**Option 1 - Azure Resource Manager (ARM) Template**\n\nUse this method for automated deployment of the Commvault Security IQ data connector.\n\n1. Click the **Deploy to Azure** button below. \n\n\t[![Deploy To Azure](https://aka.ms/deploytoazurebutton)](https://aka.ms/sentinel-CommvaultSecurityIQ-azuredeploy)\n2. Select the preferred **Subscription**, **Resource Group** and **Region**. \n3. Enter the **Workspace ID**, **Workspace Key** 'and/or Other required fields' and click Next. \n>4. Click **Create** to deploy."
                    },
                    {
                      "description": "**Option 2 - Manual Deployment of Azure Functions**\n\n Use the following step-by-step instructions to deploy the CommvaultSecurityIQ data connector manually with Azure Functions."
                    },
                    {
                      "description": "1. From the Azure Portal, navigate to [Function App](https://portal.azure.com/#blade/HubsExtension/BrowseResource/resourceType/Microsoft.Web%2Fsites/kind/functionapp).\n2. Click **+ Add** at the top.\n3. In the **Basics** tab, set **Runtime stack** to **Python** (e.g., Python 3.11).\n4. In the **Hosting** tab, set **Plan type** to **Consumption** (or another plan as needed).\n5. Complete other required configurations as needed, then click **Create**.",
                      "title": "1. Create a Python Function App"
                    },
                    {
                      "description": "1. In the newly created Function App, select **Functions** from the navigation menu and click **+ Add**.\n2. Select **Timer Trigger**.\n3. Enter a unique Function **Name** and set the schedule as needed, then click **Create Function**.\n4. Click on the function name and select **Code + Test** from the left pane.\n5. Copy the code from [main.py on GitHub](https://github.com/Azure/Azure-Sentinel/blob/master/Solutions/Commvault%20Security%20IQ/Data%20Connectors/AzureFunctionCommvaultSecurityIQ/main.py) and paste it into the Function App code editor.\n6. Click **Save**.",
                      "title": "2. Import Function App Code"
                    },
                    {
                      "description": "1. In the Function App screen, click the Function App name and select **Configuration**.\n2. In the **Application settings** tab, select **+ New application setting**.\n3. Add the following application settings (case-sensitive):\n    - AzureSentinelSharedKey\n    - AzureSentinelWorkspaceId\n    - AzureWebJobsStorage\n    - KeyVaultName\n    - (Optional, if using user-assigned managed identity) AZURE_CLIENT_ID\nSet the values according to your environment.\n4. Once all application settings have been entered, click **Save**.",
                      "title": "3. Configure the Function App"
                    }
                  ]
                }
              }
            },
            {
              "type": "Microsoft.OperationalInsights/workspaces/providers/metadata",
              "apiVersion": "2023-04-01-preview",
              "name": "[concat(parameters('workspace'),'/Microsoft.SecurityInsights/',concat('DataConnector-', last(split(variables('_dataConnectorId1'),'/'))))]",
              "properties": {
                "parentId": "[extensionResourceId(resourceId('Microsoft.OperationalInsights/workspaces', parameters('workspace')), 'Microsoft.SecurityInsights/dataConnectors', variables('_dataConnectorContentId1'))]",
                "contentId": "[variables('_dataConnectorContentId1')]",
                "kind": "DataConnector",
                "version": "[variables('dataConnectorVersion1')]",
                "source": {
                  "kind": "Solution",
                  "name": "Commvault Security IQ",
                  "sourceId": "[variables('_solutionId')]"
                },
                "author": {
                  "name": "svc.cv-securityiq@commvault.com"
                },
                "support": {
                  "tier": "Partner",
                  "name": "Commvault",
                  "email": "support@commvault.com",
                  "link": "https://www.commvault.com/support"
                }
              }
            }
          ]
        },
        "packageKind": "Solution",
        "packageVersion": "[variables('_solutionVersion')]",
        "packageName": "[variables('_solutionName')]",
        "packageId": "[variables('_solutionId')]",
        "contentSchemaVersion": "3.0.0",
        "contentId": "[variables('_dataConnectorContentId1')]",
        "contentKind": "DataConnector",
        "displayName": "CommvaultSecurityIQ",
        "contentProductId": "[variables('_dataConnectorcontentProductId1')]",
        "id": "[variables('_dataConnectorcontentProductId1')]",
        "version": "[variables('dataConnectorVersion1')]"
      }
    },
    {
      "type": "Microsoft.OperationalInsights/workspaces/providers/metadata",
      "apiVersion": "2023-04-01-preview",
      "name": "[concat(parameters('workspace'),'/Microsoft.SecurityInsights/',concat('DataConnector-', last(split(variables('_dataConnectorId1'),'/'))))]",
      "dependsOn": [
        "[variables('_dataConnectorId1')]"
      ],
      "location": "[parameters('workspace-location')]",
      "properties": {
        "parentId": "[extensionResourceId(resourceId('Microsoft.OperationalInsights/workspaces', parameters('workspace')), 'Microsoft.SecurityInsights/dataConnectors', variables('_dataConnectorContentId1'))]",
        "contentId": "[variables('_dataConnectorContentId1')]",
        "kind": "DataConnector",
        "version": "[variables('dataConnectorVersion1')]",
        "source": {
          "kind": "Solution",
          "name": "Commvault Security IQ",
          "sourceId": "[variables('_solutionId')]"
        },
        "author": {
          "name": "svc.cv-securityiq@commvault.com"
        },
        "support": {
          "tier": "Partner",
          "name": "Commvault",
          "email": "support@commvault.com",
          "link": "https://www.commvault.com/support"
        }
      }
    },
    {
      "name": "[concat(parameters('workspace'),'/Microsoft.SecurityInsights/',variables('_dataConnectorContentId1'))]",
      "apiVersion": "2021-03-01-preview",
      "type": "Microsoft.OperationalInsights/workspaces/providers/dataConnectors",
      "location": "[parameters('workspace-location')]",
      "kind": "GenericUI",
      "properties": {
        "connectorUiConfig": {
          "title": "CommvaultSecurityIQ",
          "publisher": "Commvault",
          "descriptionMarkdown": "This Azure Function enables Commvault users to ingest alerts/events into their Microsoft Sentinel instance. With Analytic Rules,Microsoft Sentinel can automatically create Microsoft Sentinel incidents from incoming events and logs.",
          "graphQueries": [
            {
              "metricName": "Commvault Events",
              "legend": "Commvault Security IQ Logs",
              "baseQuery": "CommvaultSecurityIQ_CL"
            }
          ],
          "dataTypes": [
            {
              "name": "CommvaultSecurityIQ_CL",
              "lastDataReceivedQuery": "CommvaultSecurityIQ_CL\n            | summarize Time = max(TimeGenerated)\n            | where isnotempty(Time)"
            }
          ],
          "connectivityCriterias": [
            {
              "type": "IsConnectedQuery",
              "value": [
                "CommvaultSecurityIQ_CL\n            | summarize LastLogReceived = max(TimeGenerated)\n            | project IsConnected = LastLogReceived > ago(30d)"
              ]
            }
          ],
          "sampleQueries": [
            {
              "description": "Last 10 events/alerts ",
              "query": "CommvaultSecurityIQ_CL \n| where TimeGenerated > ago(24h) \n| limit 10"
            }
          ],
          "availability": {
            "status": 1,
            "isPreview": false
          },
          "permissions": {
            "resourceProvider": [
              {
                "provider": "Microsoft.OperationalInsights/workspaces",
                "permissionsDisplayText": "read and write permissions on the workspace are required.",
                "providerDisplayName": "Workspace",
                "scope": "Workspace",
                "requiredPermissions": {
                  "write": true,
                  "read": true,
                  "delete": true
                }
              },
              {
                "provider": "Microsoft.OperationalInsights/workspaces/sharedKeys",
                "permissionsDisplayText": "read permissions to shared keys for the workspace are required. [See the documentation to learn more about workspace keys](https://docs.microsoft.com/azure/azure-monitor/platform/agent-windows#obtain-workspace-id-and-key).",
                "providerDisplayName": "Keys",
                "scope": "Workspace",
                "requiredPermissions": {
                  "action": true
                }
              }
            ],
            "customs": [
              {
                "name": "Microsoft.Web/sites permissions",
                "description": "Read and write permissions to Azure Functions to create a Function App is required. [See the documentation to learn more about Azure Functions](https://docs.microsoft.com/azure/azure-functions/)."
              },
              {
                "name": "Commvault Environment Endpoint URL",
                "description": "Make sure to follow the documentation and set the secret value in KeyVault"
              },
              {
                "name": "Commvault QSDK Token",
                "description": "Make sure to follow the documentation and set the secret value in KeyVault"
              }
            ]
          },
          "instructionSteps": [
            {
              "description": ">**NOTE:** This connector uses Azure Functions to connect to a Commvault Instance to pull its logs into Microsoft Sentinel. This might result in additional data ingestion costs. Check the [Azure Functions pricing page](https://azure.microsoft.com/pricing/details/functions/) for details."
            },
            {
              "description": ">Securely store workspace and API authorization key(s) or token(s) in Azure Key Vault. Azure Key Vault provides a secure mechanism to store and retrieve key values. [Follow these instructions](https://docs.microsoft.com/azure/app-service/app-service-key-vault-references) to use Azure Key Vault with an Azure Function App."
            },
            {
              "description": "**STEP 1 - Configuration steps for the Commvalut QSDK Token**\n\n[Follow these instructions](https://documentation.commvault.com/2024e/essential/creating_access_token.html) to create an API Token."
            },
            {
              "description": "**STEP 2 - Choose ONE from the following two deployment options to deploy the connector and the associated Azure Function**\n\n>**IMPORTANT:** Before deploying the CommvaultSecurityIQ data connector, have the Workspace ID  and Workspace Primary Key (can be copied from the following), as well as the Commvault Endpoint URL and QSDK Token, readily available.",
              "instructions": [
                {
                  "parameters": {
                    "fillWith": [
                      "WorkspaceId"
                    ],
                    "label": "Workspace ID"
                  },
                  "type": "CopyableLabel"
                },
                {
                  "parameters": {
                    "fillWith": [
                      "PrimaryKey"
                    ],
                    "label": "Primary Key"
                  },
                  "type": "CopyableLabel"
                }
              ]
            },
            {
              "description": "**Option 1 - Azure Resource Manager (ARM) Template**\n\nUse this method for automated deployment of the Commvault Security IQ data connector.\n\n1. Click the **Deploy to Azure** button below. \n\n\t[![Deploy To Azure](https://aka.ms/deploytoazurebutton)](https://aka.ms/sentinel-CommvaultSecurityIQ-azuredeploy)\n2. Select the preferred **Subscription**, **Resource Group** and **Region**. \n3. Enter the **Workspace ID**, **Workspace Key** 'and/or Other required fields' and click Next. \n>4. Click **Create** to deploy."
            },
            {
              "description": "**Option 2 - Manual Deployment of Azure Functions**\n\n Use the following step-by-step instructions to deploy the CommvaultSecurityIQ data connector manually with Azure Functions."
            },
            {
              "description": "1. From the Azure Portal, navigate to [Function App](https://portal.azure.com/#blade/HubsExtension/BrowseResource/resourceType/Microsoft.Web%2Fsites/kind/functionapp).\n2. Click **+ Add** at the top.\n3. In the **Basics** tab, set **Runtime stack** to **Python** (e.g., Python 3.11).\n4. In the **Hosting** tab, set **Plan type** to **Consumption** (or another plan as needed).\n5. Complete other required configurations as needed, then click **Create**.",
              "title": "1. Create a Python Function App"
            },
            {
              "description": "1. In the newly created Function App, select **Functions** from the navigation menu and click **+ Add**.\n2. Select **Timer Trigger**.\n3. Enter a unique Function **Name** and set the schedule as needed, then click **Create Function**.\n4. Click on the function name and select **Code + Test** from the left pane.\n5. Copy the code from [main.py on GitHub](https://github.com/Azure/Azure-Sentinel/blob/master/Solutions/Commvault%20Security%20IQ/Data%20Connectors/AzureFunctionCommvaultSecurityIQ/main.py) and paste it into the Function App code editor.\n6. Click **Save**.",
              "title": "2. Import Function App Code"
            },
            {
              "description": "1. In the Function App screen, click the Function App name and select **Configuration**.\n2. In the **Application settings** tab, select **+ New application setting**.\n3. Add the following application settings (case-sensitive):\n    - AzureSentinelSharedKey\n    - AzureSentinelWorkspaceId\n    - AzureWebJobsStorage\n    - KeyVaultName\n    - (Optional, if using user-assigned managed identity) AZURE_CLIENT_ID\nSet the values according to your environment.\n4. Once all application settings have been entered, click **Save**.",
              "title": "3. Configure the Function App"
            }
          ],
          "id": "[variables('_uiConfigId1')]"
        }
      }
    },
    {
      "type": "Microsoft.OperationalInsights/workspaces/providers/contentPackages",
      "apiVersion": "2023-04-01-preview",
      "location": "[parameters('workspace-location')]",
      "properties": {
        "version": "3.0.3",
        "kind": "Solution",
        "contentSchemaVersion": "3.0.0",
        "displayName": "Commvault Security IQ",
        "publisherDisplayName": "Commvault",
        "descriptionHtml": "<p><strong>Note:</strong> Please refer to the following before installing the solution:</p>\n<p>• Review the solution <a href=\"https://github.com/Azure/Azure-Sentinel/tree/master/Solutions/Commvault%20Security%20IQ/ReleaseNotes.md\">Release Notes</a></p>\n<p>• There may be <a href=\"https://aka.ms/sentinelsolutionsknownissues\">known issues</a> pertaining to this Solution, please refer to them before installing.</p>\n<p>This Microsoft Sentinel integration enables Commvault users to ingest alerts and other data into their Microsoft Sentinel instance. With Analytic Rules, Microsoft Sentinel can automatically create Microsoft Sentinel incidents.</p>\n<p><strong>Data Connectors:</strong> 1, <strong>Analytic Rules:</strong> 1, <strong>Playbooks:</strong> 3</p>\n<p><a href=\"https://aka.ms/azuresentinel\">Learn more about Microsoft Sentinel</a> | <a href=\"https://aka.ms/azuresentinelsolutionsdoc\">Learn more about Solutions</a></p>\n",
        "contentKind": "Solution",
        "contentProductId": "[variables('_solutioncontentProductId')]",
        "id": "[variables('_solutioncontentProductId')]",
        "icon": "<img src=\"https://raw.githubusercontent.com/Azure/Azure-Sentinel/master/Logos/Commvault-Logo.svg\" width=\"75px\"height=\"75px\">",
        "contentId": "[variables('_solutionId')]",
        "parentId": "[variables('_solutionId')]",
        "source": {
          "kind": "Solution",
          "name": "Commvault Security IQ",
          "sourceId": "[variables('_solutionId')]"
        },
        "author": {
          "name": "svc.cv-securityiq@commvault.com"
        },
        "support": {
          "name": "Commvault",
          "email": "support@commvault.com",
          "tier": "Partner",
          "link": "https://www.commvault.com/support"
        },
        "dependencies": {
          "operator": "AND",
          "criteria": [
            {
              "kind": "AnalyticsRule",
              "contentId": "[variables('analyticRuleObject1')._analyticRulecontentId1]",
              "version": "[variables('analyticRuleObject1').analyticRuleVersion1]"
            },
            {
              "kind": "Playbook",
              "contentId": "[variables('_Commvault_Disable_Data_Aging_Logic_App')]",
              "version": "[variables('playbookVersion1')]"
            },
            {
              "kind": "Playbook",
              "contentId": "[variables('_Commvault_Disable_SAML_Provider_Logic_App')]",
              "version": "[variables('playbookVersion2')]"
            },
            {
              "kind": "Playbook",
              "contentId": "[variables('_Commvault_Disable_User_Logic_App')]",
              "version": "[variables('playbookVersion3')]"
            },
            {
              "kind": "DataConnector",
              "contentId": "[variables('_dataConnectorContentId1')]",
              "version": "[variables('dataConnectorVersion1')]"
            }
          ]
        },
        "firstPublishDate": "2023-08-17",
        "providers": [
          "Commvault"
        ],
        "categories": {
          "domains": [
            "Security - Automation (SOAR)"
          ]
        }
      },
      "name": "[concat(parameters('workspace'),'/Microsoft.SecurityInsights/', variables('_solutionId'))]"
    }
  ],
  "outputs": {}
}
